{"cameraMode":{"drawMode":0,"name":"Shaded","section":"Shading Mode"},"sceneLighting":true,"audioPlay":false,"sceneViewState":{"m_AlwaysRefresh":false,"showFog":true,"showSkybox":true,"showFlares":true,"showImageEffects":true,"showParticleSystems":true,"showVisualEffectGraphs":true,"m_FxEnabled":true},"in2DMode":false,"pivot":{"x":-149.4000244140625,"y":8.45001220703125,"z":50.099998474121097},"rotation":{"x":-0.05897657945752144,"y":-0.055374305695295337,"z":-0.0032772314734756948,"w":0.9967215657234192},"size":30.853439331054689,"orthographic":false}